,0
0,)what was the immediate impact of the success of the manhattan project?
1,"_________ justice is designed to repair the harm to victim, the community and the offender caused by the offender criminal act. question 19 options:"
2,why did stalin want control of eastern europe
3,why do nails get rusty
4,depona ab
5,is the atlanta airport the busiest in the world
6,nyu tuition cost
7,at what age do kids start to hold memories
8,average teeth brushing time
9,is funner a word?
10,what direction does phloem flow
11,what is ce certified
12,artin chicken mcdonalds calories
13,is panglao island safe
14,what is calomel powder used for?
15,sum of squares of even numbers formula
16,bancfirst customer service number
17,what is happening in montreal in august?
18,what county is dewitt michigan in?
19,how to create msn email address
20,using cpap without prescription
21,what is early bird check in southwest
22,excel if as an array function
23,what county is columbus city in
24,social security administration in bellevue wa hours
25,are whiskers on cats used for balance
26,"what county is shelton, ct"
27,is the bachelor legal
28,what is BP level j salary
29,how.much does squirrel.pos cost
30,what dba mean
31,average cost of assisted living in washington state
32,what is a normal fee for investment account
33,what disability is copd
34,maximum basic in salary
35,what is a omurice omelet
36,effluent medical definition
37,aplia what does the median suggest
38,is the belterra park in cincinnati oh open today?
39,how much does it cost to change a jeep alternator
40,what does folic acid do
41,what is an of clause sql
42,what county is seminole fl in
43,average cost dental implant
44,tripadvisor does the london hop on off bus price inlcude the cruise
45,what does granuloma annulare look like
46,what is home food store
47,the importance of minerals in diet
48,prize money taxable income
49,"is the center for complex thoughts and is involved in learning, remembering, thinking, and consciousness. it is divided into two halves (hemispheres) that are connected by the corpus callosum."
50,what county is nine mile in
51,what is a salpingectomies
52,does chromium piclinate expire
53,can an easement confer riparian rights
54,triglycerides what are they
55,google what is conalingus mean
56,was the president of morehouse college recently fired
57,what causes resorption of teeth
58,how to transport oxygen tanks
59,what is beam-r conditioning
60,is the cheetah an endangered species
61,is cystic fibrosis dominant
62,is the basis of marine food webs.
63,what is in garcinia cambogia
64,what is bicameral legislature quizlet
65,average conservatory cost
66,temperature in jammu today
67,how can you tell if your pressure is up
68,erosion and weathering effects of water on earth
69,Niegerian Prophet turns into a snake in church service
70,is test for toxo standard in pregnancy
71,is the cobb house haunted in vicksburg mississippi
72,what are signs of ulcers in equine
73,what do you put at purpose for partnership agreement
74,medical coding how many days is considered acute?
75,the meaning of reverence
76,thick bronchial secretions causes
77,name are three ways minerals are used
78,fisher price i can play keyboard
79,average cost for sunrise senior living
80,what are phish
81,what is information literacy
82,is the colon in the lower intestine
83,how to remove callback notification on iphone
84,time change new zealand
85,temperature to bake sweet potatoes in oven
86,what is cd jewel case inserts made of
87,meaning of conquest
88,the name maurice origin
89,weather channel asheville
90,what does body habitus mean
91,how old is eva link
92,define traumatic
93,is the courts open on texas independence day?
94,definition of no impact for accident reporting
95,what are silicates?
96,what is a abi-pvr report
97,siriusxm cost per month
98,how much will it cost to drive to arizona
99,what is a forcing cone
100,quizlet how did existing industrial workers view immigrant industrial workers?
101,what are the risks associated with the use of nuclear energy
102,what county is honeoye in
103,different types of social security disability
104,is the denali fault a transform fault
105,what does the german acronym lsr mean?
106,most romantic hotels in bahamas
107,benefits of a weaker dollar
108,what does france grow and produce
109,what is a limited fce?
110,what do zebras eat food
111,what is causes cancer
112,how long does it take to get SAT scores back?
113,what is als stand for and mean
114,what are the three shields on the buick insig
115,deport define
116,is the earth's magnetic field constant?
117,can i drink alcohol after fraxel treatment
118,how pronounce tiguan
119,weather in austin texas in march
120,pink eye treatment how long
121,meaning of name denise
122,are personal loans adjustable rates
123,is oregano good for inflammation
124,what is bisaya cebuano
125,what distinguishes a macronutrient from a micronutrient
126,pa amending the mandatory judicial retirement age
127,is the fafsa pell grant estimate per semester or year
128,what is an mla writing format
129,gatwick airport pick up area
130,how to practice for your drivers test
131,what forms at an ocean-ocean convergent boundary
132,what is formula to add months
133,what casinos have rv parks?
134,what happens if you miss a vein shooting up
135,how to pull inflatable
136,is latex paint considered hazardous waste
137,what energy molocuels are produced in this respiration oragnelle
138,is the femoral neck part of the hip
139,the place beyond the pines cast
140,switched number to new service but text messages still going to old phone
141,largest active military
142,"average january temps in mount pleasant, sc"
143,is myrrh edible
144,145 kilos in stones and pounds
145,united states postal service roseburg or
146,what is a wifi leak sensor
147,"in general, are fungal infections usually parasitic or are the opportunistic quizlet"
148,how to make a corner desk
149,is the femoral nerve a peripheral nerve
150,steering yoke definition
151,how to stop bronchitis before it starts
152,what is a nicotine substitute
153,what do vacuoles and vesicles do
154,how long to bake whole speckled trout
155,what county is van nuys ca
156,what is an x ray photon
157,role of deputy director corporate services
158,how to measure binder size
159,what does the tropical rainforest consists of
160,is the forest part of the biltmore estate
161,what does physical education mean
162,Blue Dart at US consulate office Hyderabad telephone number
163,process theories of motivation suggest that
164,what are the most common geriatric illness
165,requirements to be able to use virtual machines
166,fission theory definition
167,what if i longer want to break my lease
168,what air temperature can you see your breath
169,tornado warning in pittsburgh
170,what are avocados
171,is the georgian bay part of lake huron?
172,what does emerson relate himself to in nature
173,activities you can do at uluru
174,what is a hyperlink
175,can uccb be considered income on my child
176,what is a grantor on a deed
177,thermal load definition
178,causes wilted yellow tomato leaves
179,this is why marijuana should be legal everywhere
180,nfhs coach education program cert
181,what is a biological feeling
182,is the girl scouts membership fee one time only or is it monthly
183,what is a slip for
184,st.marys prenatal clinic number
185,what is duo bed
186,installation cost
187,crockpot broccoli chicken recipe
188,how to calculate yield to maturity of a bond that is on the market for face value
189,how long does it take to drive from toronto to alberta
190,how to calculate protein concentration elisa
191,did robin and dr phil divorce
192,kitty genovese how many times was she stabbed
193,bandages definition
194,is a salad considered fiber
195,is marsala like madeira
196,what is a salary sacrifice pension scheme
197,medical definition of obese
198,is julia kim still alive
199,is elderberry syrup safe during gestation
200,what is a word for lost stardom
201,can a summative assessment be informal
202,At what age do skunks wean
203,internship programs for doctorate in public health administration - north texas
204,is the lacrimal glands part of the nasal
205,temperature in saint joe florida
206,how do discounted loan rates
207,the mcguffin definition
208,what is engineering stress
209,what causes ear to feel stuffed
210,what is hpv pregnancy complications
211,what is a hill-sachs lesion
212,what is a fife
213,underwriting expenses definition
214,how many died from spanish flu
215,bandwidth knowledge of results
216,average salary in arkansas
217,meaning of the arabic name nayla
218,weather in beijing may 2016
219,legal definition of camping bsa
220,chemotrophic definition biology
221,mitigated negative declaration definition
222,what are the types of plant protists phylum
223,virgin mobile pay as you go terms and conditions
224,types of switches for synchronous motors
225,VA disability lawyer cost
226,deportes definition
227,is the mantle made of gabbro
228,average cost of wedding dinner per person park savoy
229,is lapatinib an oral medication
230,foods to boost fertility in women
231,are albino bullfrogs common in the wild
232,how to vinyl boat floors
233,what is a values clarification
234,what age do you have to be to go to a gun range
235,politiko-troullia definition
236,how much calories lost when lifting
237,time difference between finland and new york
238,is the mitochondria a organelle or a function
239,what counts are taken in urine
240,harvard admission phone number
241,how often can you take a tagamet
242,what does stack the board mean
243,webster definition of theft
244,what elements are present in ammonium nitrate?
245,calories in melba rounds
246,what is a crystallization of a fibroid?
247,what are rodents
248,what are the options for rotator cuff surgery
249,is the north pole in the arctic
250,is midrin a compound drug
251,metastatic cancer lymph nodes symptoms
252,diphtheria definition pronunciation
253,call gmail support phone number
254,what county in florida is alligator point in?
255,what does opm stand for?
256,what happens to fat when you burn it?
257,what does homophone mean
258,how do you gain weight in your legs
259,vitamin e how much to take daily?
260,is the outstanding principal balance a payoff
261,symptoms sinusitis
262,how to view my second semester schedule at humber
263,what is abo incompatibility in newborn
264,the ________ nerves regulate essential involuntary body functions
265,how to create labels from excel file
266,what day is the parade in new york city
267,alcohol blood level per drink
268,what is a duckee
269,what is conjugated bilirubin
270,what is a jake brake
271,bangad meaning in english
272,define cruce
273,kia sales for july
274,what boundaries have the most earthquakes
275,what does aih stand for
276,what is blog sites? blogger
277,are neurons or neuroglia bigger
278,what file is associated with spytech
279,is blue whale mammal
280,transformation definition
281,average weight of kittens by age
282,is the pancreas right upper or lower quadrant
283,what car does kimberly guilfoyle drive
284,jumeirah emirates towers contact number
285,countries where prostitution is legal
286,what is cisap
287,what are outriggers used for
288,most reliable wifi router
289,how much does a merchandiser for acosta make
290,side effects to decreasing trileptal
291,hyatt centric ginza tokyo
292,what are the different types of structural steel
293,is the pharynx layered with stratified squamous epithelium
294,what icd-10-cm code is reported for an abnormal cervical pap smear?
295,meaning behind love poppy jewelry brand?
296,cost of rf frequency wireless send receive device
297,what is a importer of record number
298,dhl phone number uk free
299,symptoms of mastoiditis in adults
300,milk and tumeric with honey for joint pain
301,how far is houston tx from santo tx
302,weather in glencoe al
303,what is a thot military
304,is the piedmont located in the southeast
305,southern university how to pay tuition and fees
306,vitamix xl
307,types of sugar intolerance
308,NWHU septic permit cost
309,Official interest rates will remain on hold at 2 per cent over April
310,foods that dissolve kidney stones
311,does shakeology contain spirulina
312,stiff legged deadlifts and what muscles benefit
313,how much metformin can a person take per day
314,what is a good infant heart rate
315,is the preservative. pgpr made from castor beans?
316,"what county is page, az in"
317,what are the two most common minerals located in earth's crust brainly
318,what iq is needed to be considered a genius
319,what is hawaii coldest recorded temperature
320,what are the major components of the energy pyramid
321,what engine on troy bilt snow blowers?
322,what charges can you get for fighting
323,the definition of plate tectonics
324,how to line the bottom of my rabbit play areas
325,how many carbs can you eat in one day and lose weight
326,is the price of something continuous or discrete?
327,how many grams of protein in a potato?
328,what is annex a icms
329,south salem ny what county
330,parliamentary form of government definition
331,is white castle expanding to new markets
332,residual market definition
333,right frontotemporal lobe symptoms
334,what is a culturally competent person
335,what does exhibitor mean
336,what cuts lemon in recipes
337,deposition fee for treating physician
338,is the process by which a person adjusts to another cultural environment without sacrificing his or her own cultural identity
339,how much protein to build muscle per kg
340,how is a president impeached exactly
341,what is a hydrostatic condition
342,average temperature of williamsburg virginia
343,how big was the louisiana purchase territory
344,what is a pathway inhibitor
345,what chronic disease cause anemia in seniors
346,the incredible hulk.  actor
347,"mount vernon, ny is what county"
348,veteran status definition
349,is the public company accounting oversight board constitutional? why or why not?
350,marine base in parris island sc
351,curriculum continuum definition
352,what does contract job mean
353,how to set bank cycle time
354,the side effects of pink eye
355,what causes the shocks on the hood of a car hood
356,what is a japanese robe called
357,how much do you tip a hairstylist for hair color
358,unity of command definition
359,javascript define array
360,is the pulmonary valve oxygenated
361,is hershey's chocolate syrup bad for your bones mayo clinic
362,what is a emissary company
363,how long do you grill pizza dough
364,how much is kindergarten in iowa
365,diffusion is a result of
366,what day was prince charles born
367,what causes my hip pain
368,how much is kyle richards worth
369,does your body temperature fall before your period
370,what is fetal position
371,is the reduction of pore space in sediment as a result of the weight of the overlying sediments
372,neurological symptoms twitching eyebrows up and down
373,what is child delivery thru  stomach called
374,what does nash grier look like now 2016
375,Directions for Taking Zantac
376,what  does it means  significance of signing this document and what it means for you professionally and personally im the him confindentl
377,cost to replace hvac
378,what are lamps made of
379,what is fire intensity
380,largest law enforcement agencies
381,what is an abutter?
382,is the slavonic benevolent order of the state of texas masonic ?
383,bark or no bark for smoking meat
384,what is a protecto plate on a car
385,what happens when a wheel bearing breaks
386,what causes mens wiskers to fade
387,what do numbers on binoculars mean
388,what is a kalash container
389,how much does it cost in petrol to drive to brighton from blackburn
390,how much do you make as a cadet
391,how wide should chicken roost be
392,stephanie seymour net worth
393,is the smokey mountains an example fault block mountains
394,what is good for your liver
395,what helps heat rashes go away
396,how often do large asteroids hit the earth
397,how to set up auto channel search on a sharp lcdtv lc-rc1-14
398,sms meaning slang
399,what is a hot rock called
400,what holds up the hood of a car
401,how many eggs a week can i eat
402,what is a good sat score for june 2014
403,irs phone numbers customer service
404,is the society of the prevention of cruelty to animals a good charity
405,benefits of salt water gargle
406,visiting hours in upper marlboro jail
407,should i be taking statins ldl 7.1
408,what county is stevensville mt in
409,angular minute to degree
410,what are rugby sevens
411,reading english what to understand to do well
412,what family and mwr functional area does boss fall under
413,average nursing salary bureau of labor
414,kristy name meaning
415,is the stinger longer than the optima
416,sioux falls wireless world
417,is loch ness landlocked
418,what is ceasefire for durabak
419,how long do hard inquiries stay on your credit report
420,what is beyblade
421,is vatican city a monarchy
422,cause of failure of league of nation
423,what are lpns vs rn
424,sheetrock growing mold after pouring gypcrete
425,how does early onset alzheimer's cause death
426,is the surname moore scottish
427,what does slip seat mean
428,is it safe to eat fish every day
429,what is a fungicide for a vegetable garden
430,"what county is westlake, oh in"
431,nh definition of any person aggrieved
432,what county is leasburg nc in
433,can hibiscus cause pain on the neck?
434,recommended practices for shielding gases
435,glycemic index potatoes vs rice
436,ponds brand is which company
437,is the thalamus part of the neocortex
438,how big is a rat
439,what is a positive antigen test
440,reduce hba1c levels naturally
441,what is acom army
442,how to wipe hard drive windows 10
443,trochanter definition anatomy
444,what food to avoid while having diverticulitis
445,meaning of porsche crest
446,marchese dellelsa moscato dasti price
447,how are minerals retrieve
448,amphi- meaning
449,is the tricuspid valve oxygenated
450,how much time does it take to get a learner permit
451,how to butcher a feral hog
452,weather in italy on june 2016
453,registered trademark symbol definition
454,what is college is temple
455,lowest voter turnout in us history
456,what is 0.25 of 18000
457,is coach training deductible as education expense
458,nfl on espn schedule
459,incredimail phone number
460,is the trigeminal ner
461,what is enzyme secretion
462,meaning of liana
463,does usaa provide rideshare auto insurance
464,how many words is a 5 page paper double page
465,home remedies for getting rid of maggots on a wound
466,is traveling nursing a union job
467,purpose sherman antitrust act 1890
468,what does internal equity mean
469,largest yellow diamond
470,what is gas to a solid called
471,is the unique means by which genus hylobates (e.g. gibbons and siamangs) propel themselves through the canopy.
472,what cloud provider can host arena solutions plm?
473,what do the nervous tissue do for dolphins
474,what era is the tye dye t shirt
475,how to build your own astro hockey field at home
476,what does physical geography mean
477,cost of vasectomy in mexico
478,what is an incident rate for injuries
479,cost of toyota mirai
480,how were united states senators chosen before the general population was able to vote for them
481,what is inari
482,is the upper part of the brain consisting of two cerebral hemispheres and the structures that connect them?
483,what are  predators
484,us price of gasoline
485,range for b12
486,parietal or visceral is closest to a organ
487,can anything be done for a broken finger
488,distance between metal fence posts
489,way to organize bills
490,let my will be your will to live meaning
491,geographical atmosphere definition
492,the family credit union routing number
493,is the us inflationary
494,what causes constant leg pain
495,can indigestion hurt your ribs
496,home remedies for blisters in mouth
497,what constitutes a fever
498,what is connecticut's gift tax rate
499,what are some things you can do to keep your digestive system healthy
500,how to harvard reference sacred texts
501,what does it mean if your chest feels heavy
502,what cause random foot blister when there was no running
503,is physical reality really an illusion
504,is the wavelength of a microwave longer or shorter than the wavelength of visible light?
505,how long before closing for final estimated cash to close
506,definition of recession
507,what are morphological characteristics give examples microbio
508,what county is kasson mn in
509,what is allscripts?
510,what does push ups work
511,finding a cell phone number by name for free
512,cost of chemical peel
513,what is a good healthy seafood to eat?
514,types of suicide durkheim
515,is the y in enjoy a consonant
516,what is adjustments
517,what degrees do fashion executives have
518,what is an sed blood test
519,by means of what structure do osteocytes communicate with one another
520,is july fourth a federal holiday?
521,rhonda and holly fight results
522,what does metal mulisha stand for
523,is omeprazole a corticosteroid
524,how many square feet shingles
525,was woodrow wilson a member of the republican party
526,is theatre contra account same as accounts receivable
527,does a subpoena mean you have to testify
528,is mykolaiv international airport
529,what gave the president authority to declare selected public lands as national monuments
530,what is inside a mermaid purse
531,what county is charlevoix in
532,how to end racial profiling
533,signs and symptoms of shigella
534,what is dermal cicatrix
535,what is an assistant procurement officer
536,do a cyaperator helpa cyatic nerve
537,is their a scale used to measure the intensity in tornadoes
538,what did the creoles do
539,what causes low b complex
540,what is hydrosone cream
541,defenses to ada complaint
542,propagating spider plants
543,pa gosh conference price
544,how to unlock a runescape account
545,How many moles of gold atoms do 3.20Ã—1024 gold atoms constitute?
546,moddedeuros address
547,vulgo meaning
548,bank average salary for asm
549,how many hours to complete mobius final fantasy
550,what ages do toddlers usually get teeth
551,"if x in an angle in quadrant 2 and tan2x-3=0, what is the value of x"
552,what is animal is king kong
553,is the orion nebula where heaven is
554,what is classpath in java
555,how much turmeric should one take in a day
556,what county is yonkers
557,what determines the shape and structure of a cell
558,how did richard nixon affect kennedys power
559,depositors definition
560,is their laws in canada for how much notice an employee has to give
561,what blood test can determine depression
562,how often to change serpentine belt
563,what does aveda shampure  smell like
564,what is a quoll
565,what is a good way to organize excel spreadsheets
566,how to understand muscle and water % on scale
567,what bug makes a sheep sound?
568,what does bogan mean
569,what are some physical tasks
570,cost effective patio flooring
571,is there a bird call that sounds like a tin whistle
572,in what states is the great basin located
573,house prices in plano
574,how quickly is ofac rejections reported
575,nancy drew wildtangent unlock
576,what county is greenback tn
577,what is a worms eye view in art
578,weather in nassau bermuda
579,pavers cost per sf in san jose
580,is an HVAC plenum necessary
581,ihave moderate osteoarthertis can i get disability
582,is there a color called hazel
583,what does the new immigration law mean
584,little onions are called
585,how many sq feet in a yard of concrete
586,biggest lego store in california
587,final song of footloose filmed with different song
588,is erectile dysfunction a symptom of diabetes?
589,what instrument did roy eldridge play
590,what is blanket certificate of resale
591,what are reinsurers
592,what are low thyroid numbers
593,is there a difference between a boil and an abscess
594,how to use mesquite as a sugar substitute
595,most livable african cities
596,roles of RNA polymerase V in eukaryotes
597,jackson hospital phone number
598,cost of januvia
599,states where uber is illegal
600,average american yearly income
601,average salary of accounting major in the last decade
602,what group did blondie start with
603,what is a wee heavy beer
604,is there a difference between a guard and a tackle
605,what is hf chemistry
606,what happens after a disciplinary appeal hearing
607,what does the arrangement of the periodic table help scientists see
608,what is aloe force raw aloe juice used for
609,what continent is japan in
610,cloud application definition
611,does ginger help dizziness
612,what food give you energy
613,what album was jump by van halen
614,are plastic utensils recyclable
615,is there a generic for macrobid
616,is a feminist poster appropriate for work
617,how to hack someones kik without a password
618,paper audit trail definition
619,victoria's secret top models names
620,what is a dipole
621,what author is the jungle book based off
622,what is a dysfunktion
623,highest win rate support in bronze
624,what energy sources are renewable
625,what is a maker name on check
626,is there a generic welchol
627,what is cilantro called in england
628,amika phone number
629,what happens when your kidneys stop working
630,what does neurofibrillary tangles mean
631,Darby name meaning
632,reasons for and against using animals on tv shows
633,what donald trump looked like when he was young
634,what does sonos app cost
635,does a company have to cancel its shares before it is deregistered?
636,what causes loss of balance and dizziness?
637,bank of hawaii debit routing number
638,how to write endnotes mla style
639,what county is howe indiana
640,what is a doberge cake
641,effects of reduced respiratory function after injury
642,can vitamins cause jaw pain
643,how to open 1972 vw beetle hood
644,is it advantageous to file married filing separately
645,what county is centralia illinois
646,what is corgard used for
647,how many percent of usa are reservation
648,is there a limit to how many contacts you can have in microsoft dynamics
649,how many drops in restasis multidose
650,how much does an ultrasound tech make
651,what is hpv vaccines used for
652,population of rwanda
653,what coolant can you use in place of sllc toyota coolant
654,what is difference between E160a and E160A
655,planting tomato plants on its side
656,can constipation be period related
657,transgenic organisms what are they
658,how to turn a whole number into a fraction
659,is there a local military
660,are goji berries deer resistant
661,meaning of polemic
662,us presidents who forgo salary
663,what is beam when applied to a kayak
664,how much water does a hibiscus absorb
665,what a chrysler sebring is worth in alberta
666,is keto diet too acidic ...mama
667,scientific development definition
668,what do nintendo points do
669,are formal regions area class regions
670,depressive personality disorder
671,is there a minimum salary requirement to contribute to a roth ira
672,is puerto rico a good vacation spot
673,coding time is of the essence
674,what is a single arch denture
675,what are currants?
676,what does hormonal mean
677,look up vehicle identification number
678,what does the name Ethan mean
679,can you get a divorce without a custody agreement
680,unity resources.load
681,what does eel stand for in trial master file?
682,bank of ireland group plc
683,what does social learning theory focus on?
684,how much does it to fix a leak on a car?
685,electricity definition of current
686,thomas wolfe how did he die
687,what country is the character batman from
688,is the world a habitat
689,what business does al gore do in nashville house
690,organization for law enforcement
691,neuritis symptoms blue spots on skin
692,what chris stapleton album is what are listening to on
693,is there a scale for protein in the urine
694,how do you obtain a copy of your employment record colorado
695,walt disney world vip services
696,is schizophrenia a language disorder
697,css color define
698,how long is cut cantaloupe good for
699,what audio jack do i need for headphones
700,if then excel when using formulas
701,web scraping legal
702,what can honor society do for me
703,synonym for interrupting
704,is there a standard maximum weight for wooden pallets
705,what axis is major depressive disorder
706,what is a medicare part c
707,most dangerous roads in tennessee
708,how many people die a year from go karts
709,how long is a millennia
710,types of lupus skin
711,how to send a link for a shared location
712,process technologist salary
713,what causes vesicular eczema
714,what is an aes student loan?
715,is there a substitute for capers in a recipe
716,what charming charlie stores are closing
717,what do sensory neurons do
718,mountain lion what they eat
719,what is diamond mining
720,what an appraiser looks for in a home
721,how fast is a heartbeat
722,weather underground anchors
723,average size of a golden retriever
724,how much do headshots cost
725,how to solve one variable equations
726,is there a treatment option for thyroid tumor
727,minimum credit score for dell canada
728,pictographs definition
729,snap benefits and cash benefits
730,what causes holly leaves to turn yellow and fall off
731,What age do i remove baby canaries from their parents
732,what is directv hd extra pack
733,how to send custom offer on ebay
734,definition of eroding
735,what does sardonyx look like
736,what food is high in iron content
737,is there an actual language called scottish
738,what age do your muscles stop developing?
739,how much to go to school to become a sterile processing technician
740,how does heredity influence development
741,huntington beach ca is what county
742,what are allergy symptoms for walnuts
743,rue la la phone number
744,what city is sacred to three monotheistic religions
745,what collects waste materials in your body
746,how much it cost for a company to pay for training
747,what can i do about the rust on my f150 truck
748,is there an age limit on federal jury duty
749,what county is maplewood in nj
750,number for verizon wireless prepaid
751,what does a contract administrator do
752,concerted effort definition
753,is mileage reimbursement considered wages
754,how much are lady antebellum tix
755,what does above tidewater mean
756,what does the name Olivia mean
757,what is hpsf.exe has stopped working mean
758,does my hgb
759,is there an age limit to working with ice
760,what are all organism made up mostly
761,is general kelly faithful to trump[
762,what is a piebald dachshund
763,what is adaptive cruise control in tesla's?
764,us open bowling qualifiers
765,explain what a bariatric surgeon is
766,"what does the greek ter, sigma"
767,what are all the characteristic of the paint horse
768,how does alcohol affect the pituitary gland
769,what happened to nicholas sparks marriage
770,is there folate in bananas
771,how did the nuclear arms race affect america
772,what is artero
773,is pea isolate safe
774,"weather in glendale, california fahrenheit"
775,new coke failure cost
776,phone number for tracfone customer service
777,"what county is toulon, il in"
778,how to add grass to your lawn
779,average salary of accounting in the last decade
780,what causes savant syndrome
781,deridder explosion
782,is there tax on groceries in colorado?
783,us bank location maryland
784,how to pronounce antimacassar
785,what county is larchmont in
786,how much does clutch work cost
787,what is growing in the ozarks?
788,what does it mean if you hug someone and they give off a strange vibration?
789,what does a Displacement of Intervertebral Disc look like?
790,medullary canal definition
791,what day is teen tech week in march
792,what is a IFI contractor
793,is titanium dioxide polar
794,how much does a building construction worker make salary
795,learning how to read programs
796,do adults get head lice
797,what are the select walt disney world resort hotels
798,how to start an alcoholics anonymous group
799,what is g suite for corporations
800,do toddlers need multivitamins
801,disease indirectly directly meaning
802,what county is morrow ga in
803,what is a corriente cow
804,is today world book day
805,what are smartphones
806,what foods clear constipation
807,effects of prolonged cell phone use
808,garage cost to build
809,playstation network number customer service
810,what is diegesis
811,what does the latin/ greek root word tri
812,what are the uses of small resistors
813,what is a diamonds clarity
814,what are fuel nutrients for the body
815,is todd a name for john
816,how old is morgan corinthos on general hospital
817,retro ejaculation causes
818,medicare effective date meaning?
819,what happens when a school goes into special measures
820,average physical therapy charge per hour
821,how much are disney tickets at safeway
822,was cheyenne wyoming ever called durant
823,what do incas used jade for
824,what is an ESR level on a blood test?
825,is a team considered a macro level sociology
826,is top number or bottom number more important for blood pressure
827,timber prices in sri lanka
828,technical capabilities definition
829,what household income is rich
830,do catholic schools get state funding in NY state
831,what county is benton ks
832,how do you lower testosterone in women
833,what code is 01133
834,difference between operational and system availability in it
835,what belieefs do the bhutan
836,what color family is putty
837,is tr the routing number
838,hydrodynamic dispersion definition
839,portable air conditioner how to install
840,weight limit for ethiopian airline
841,symptoms of jaw and eye pain
842,what is a trading symbol
843,what gives lawyer permission to settle on behalf of client
844,how far is santa clara to the ocean
845,cost of raising a child monthly
846,what is extract all on my computer
847,how many calories in white sugar free powder for coffee
848,is traction always used in a spinal fusion
849,ippb what is it used for
850,what is alpha kappa delta
851,how to tell when a tattoo is healing correctly
852,what does gi joe represent symbolically
853,open currency position definition
854,tired eye muscles dizziness
855,name of exercise that is a up/squat
856,how to hook up a shower base drain
857,how many jobs were created under obama vs. trump
858,what bodily fluids glow under black light
859,is trilogy home healthcare achc accredited
860,scientific definition of respiration
861,average chess move per game
862,how to delete a squarespace website
863,what cause pain on the left side of the head
864,richard noll net worth
865,what is a example of the parts of the brain
866,what are the laws on growing marijuana pennsylvania
867,what is food beverage director position
868,what do you see social means
869,changing from iphone 4 to 5 sim card
870,is turnkey one word
871,should i stay away from bonds now
872,what do you lubricate a bike chain with
873,weather in los gatos
874,what is codecs
875,bois bande benefits
876,hcsc headquarters
877,what is hiv/aids google
878,types of sustainable energy sources
879,what is apple's kernel privileges
880,what does cancer affect in the male reproductive system
881,is type i salter harris an ankle fracture
882,how much to integral pay for administrator
883,what age do you apply for medicare
884,is baby lotion good moisturizer
885,how to wipe a disk clean
886,what is iq score results
887,what area is the hypothalamus located
888,how many grams of sugar in a mountain dew
889,is a nephew a lineal descendant
890,cost of access card
891,what education is needed to be a nursing assistant
892,derivation definition synonym
893,is urine poisonous?
894,is capital summertime ball in two dates
895,age limit for tb tests
896,new grad bsn salary nj
897,what is an ffel stafford subsidized loan
898,what does a tight it band cause
899,what are connective tis
900,what does peeta symbolize
901,muscle can be broken down into what
902,did old cars have asbestos insulations
903,longest reign world leader
904,is us postal service closed presidents day?
905,is lady gaga with taylor kinney
906,bauer mba cost
907,how much to charge to paint the outside of a house
908,presumption level of intoxication definition
909,is oil shear thinning
910,what causes numbness in hands and face for a bariatric sleeve patient
911,types of muscles in the human body
912,what does the term popular sovereignty mean
913,what does the major do
914,name the gods in mayan society
915,is uv or ozone more effective at killing bacteria
916,how much does a surgeon make an hour
917,definition of a armstand
918,meaning of the word kruptos?
919,how serious is diverticulitis
920,what age is considered a child at movies auckland
921,what certifications are required for telemetry technician
922,define diffuse pollution
923,what is an emra
924,what does malou mean
925,insert named range in excel to word document
926,bankliberty routing number
927,what is custard powder
928,if you owe irs can they take your 401k?
929,roster university of Cincinnati footage 2015
930,how many words in a resume?
931,does starz have the outlander
932,is an argumentative essay a genre
933,what is ae on the pipeline
934,what did president lyndon johnson do
935,if u were born in 17BC how old would u be in 17AD?
936,how old is bob harper
937,is uw credit union insured?
938,what food has most protein
939,is kings langley in hertfordshire
940,what does it mean if your bloated but it hurts when pushed on
941,indelible imprint meaning
942,what does ttp stand for in medical terms
943,how to be an opota instructor
944,colleyville tx is in what county
945,what brand is similar to keystone fencing
946,what is a enchilada
947,what does certified humane mean
948,is veeam speed in megabyte or megabit
949,what is aronia
950,what instrument do we use to find the mass of objects
951,how long rabies incubation period
952,how long to cook roast beef for
953,what is alcoholic beverage called fireball
954,what is a high psat score for a sophomore
955,how to bring old batteries back to life
956,what is duplex?
957,can you eat too many bananas in a day
958,what does existing offset mean
959,is venus the brightest natural object in the sky
960,temperature in palermo in june
961,what do you need for education after highschool to be a music producer
962,what chemical can cause an ammonia smell
963,what is chromium ?
964,radiation therapy cost per session
965,what does CHOMSKY identify as recursion
966,behind the name perseus
967,foods which boost testosterone production
968,what is a double weld
969,what is $windows.~ws
970,is victoria falls in zimbabwe or zambia
971,homme racine
972,"In a DNA molecule, which nitrogenous bases are bonded together?"
973,what dividend do apple shares pay
974,is coir a bast fiber?
975,how to use clips with a rod pocket curtain
976,logistics of conducting a corporate investigation
977,what are dimensions for a patio
978,nad+ participates in reactions that produce ________.
979,diagram of how air brakes work inside brake chamber
980,current time ist
981,is von willebrand factor an intrinsic factor
982,what dates were the korean war
983,does southern ireland use euros
984,what is imrc
985,average salary of marketing manager
986,what county is cass scenic railroad wv in
987,is drinking coffee before a test bad
988,what hotel replaced the sands
989,what do you use for a cigar case
990,what does the term for lack of in medical terms
991,what is a beguine rhythm
992,is w ever considered a vowel
993,how to cook quail on a traeger grill
994,what are male Terns called
995,meaning of the name rose
996,organelles other than the nucleus that contain dna
997,how to do brazing
998,how high should i raise my bed for acid reflux
999,how to use skymiles to upgrade to first class
